<?xml version="1.0" encoding="UTF-8" standalone="yes"?>
<addon id="plugin.video.F.T.V"
       name="F.T.V"
       version="1.0.7"
       provider-name="kinkin">
    <requires>
        <import addon="xbmc.python" version="2.0"/>
    </requires>
    <extension point="xbmc.python.pluginsource"
               	library="default.py">
        <provides>video</provides>
    </extension>
    <extension point="xbmc.addon.metadata">
        <platform>all</platform>
        <summary>Free to view live streaming</summary>
        <description>icon by azad720</description>
    </extension>
	
</addon>
