<?xml version="1.0" encoding="UTF-8" standalone="yes"?>
<addon id="plugin.video.thebeautifulgame"
       name="The Beautiful Game"
       version="0.8.1"
       provider-name="kinkin, art by tb4ll">
    <requires>
        <import addon="xbmc.python" version="2.1.0"/>
        <import addon="plugin.video.youtube"/>
        <import addon="script.module.t0mm0.common" version="1.1.0"/>
    </requires>
    <extension point="xbmc.python.pluginsource"
               	library="default.py">
        <provides>video</provides>
    </extension>
    <extension point="xbmc.addon.metadata">
        <platform>all</platform>
        <summary>Football news, highlights, tables and more!</summary>
        <description>Football news, highlights, tables and more!</description>
    </extension>
	
</addon>
