<?xml version="1.0" encoding="UTF-8" standalone="yes"?>
<addon id="plugin.program.universalparentalcontrol" version="0.8.0"
	name="Universal Parental Control" provider-name="kinkin">
  <requires>
    <import addon="xbmc.python" version="2.1.0"/>
    <import addon="script.module.metahandler" version="2.4.0"/>
  </requires>
  <extension point="xbmc.python.pluginsource" library="default.py">
    <provides>executable</provides>
  </extension>
  <extension point="xbmc.service"
    library="service.py" start="startup">
  </extension>
  <extension point="xbmc.addon.metadata">
    <summary lang="en">Parental Control for everything</summary>
    <description lang="en">Universal Parental Control is built to work with videos played from your Kodi library
and ALL addons. Addon developers do not need to change anything and Universal PC works even is metadata is disabled. 
Highly configurable: Set your PIN, set your watershed time, exclude addons if required, exclude modes if required.</description>
    <platform>all</platform>
  </extension>
</addon>
