<?xml version="1.0" encoding="UTF-8" standalone="yes"?>
<addon id="plugin.video.tvonline.cc"
       name="TVonline"
       version="1.0.0"
       provider-name="kinkin, art by Marquerite">
    <requires>
        <import addon="xbmc.python" version="2.0"/>
    </requires>
    <extension point="xbmc.python.pluginsource"
               	library="default.py">
        <provides>video</provides>
    </extension>
    <extension point="xbmc.addon.metadata">
        <platform>all</platform>
        <summary>Stream your favourite TV shows from tvonline.cc</summary>
        <description>Stream your favourite TV shows from tvonline.cc</description>
    </extension>
	
</addon>
