<?xml version="1.0" encoding="UTF-8" standalone="yes"?>
<addon id="plugin.video.plutotv"
       name="Pluto.TV"
       version="1.0.0"
       provider-name="kinkin">
    <requires>
        <import addon="xbmc.python" version="2.1.0"/>
        <import addon="script.module.t0mm0.common" version="1.1.0"/>
        <import addon="plugin.video.youtube"/>
    </requires>
    <extension point="xbmc.python.pluginsource"
               	library="default.py">
        <provides>video</provides>
    </extension>
    <extension point="xbmc.addon.metadata">
        <platform>all</platform>
        <summary>Pluto.tv - Watch what's possible</summary>
        <description>WATCH WHAT'S POSSIBLE.......whenever you want</description>
    </extension>
	
</addon>
