<?xml version="1.0" encoding="UTF-8" standalone="yes"?>
<addon id="plugin.video.gachecker"
       name="GA Checker"
       version="1.1.4"
       provider-name="Kinkin">
    <requires>
        <import addon="xbmc.python" version="2.0"/>
    </requires>
    <extension point="xbmc.python.pluginsource"
               	library="default.py">
        <provides>executable</provides>
    </extension>
    <extension point="xbmc.addon.metadata">
        <platform>all</platform>
        <summary>See what addons are using Google Analytics</summary>
        <description>Some addons contain code that automatically tracks your usage and/or displays ads. Use this addon to find them and it's then your choice on what to do.</description>
    </extension>
	
</addon>
