<?xml version="1.0" encoding="UTF-8" standalone="yes"?>
<addon id="plugin.video.moviestorm"
       name="MovieStorm"
       version="1.0.3"
       provider-name="kinkin, art by umOuch">
    <requires>
        <import addon="xbmc.python" version="2.1.0"/>
        <import addon="script.module.t0mm0.common" version="1.1.0"/>
    </requires>
    <extension point="xbmc.python.pluginsource"
               	library="default.py">
        <provides>video</provides>
    </extension>
    <extension point="xbmc.service"
             	library="service.py" start="startup">
	</extension>
    <extension point="xbmc.addon.metadata">
        <platform>all</platform>
        <summary>Stream movies and TV shows from moviestorm.eu</summary>
        <description>Stream movies and TV shows from moviestorm.eu</description>
    </extension>
	
</addon>
