<?xml version="1.0" encoding="UTF-8" standalone="yes"?>
<addon id="plugin.video.whatthefurk"
       name="What the Furk"
       version="1.6.3"
       provider-name="Batch,Kinkin,Blazetamer">
    <requires>
        <import addon="xbmc.python" version="2.1.0"/>
        <import addon="script.module.metahandler"/>
    </requires>
    <extension point="xbmc.python.pluginsource"
               	library="default.py">
        <provides>video audio</provides>
    </extension>
    <extension point="xbmc.service"
             	library="service.py" start="startup">
	</extension>
    <extension point="xbmc.addon.metadata">
        <platform>all</platform>
        <summary>An addon which lets the user browse and stream videos from Furk.net. Art by Blazetamer.</summary>
        <description>Visit www.xbmchub.com for support.

What the Furk provides the user the ability do do IMDB powered media searches on Furk.net and gives the user the ability to stream the found media files.</description>
    </extension>
	
</addon>
