<?xml version="1.0" encoding="UTF-8" standalone="yes"?>
<addon id="plugin.video.XMLbackup"
       name="XML Backup"
       version="1.0.1"
       provider-name="Kinkin">
    <requires>
        <import addon="xbmc.python" version="2.0"/>
    </requires>
    <extension point="xbmc.python.pluginsource"
               	library="default.py">
        <provides>video executable</provides>
    </extension>
    <extension point="xbmc.addon.metadata">
        <platform>all</platform>
        <summary>XML Backup</summary>
        <description>Backup all your addon and xbmc userdata xml settings in one easy step</description>
    </extension>
	
</addon>
