<?xml version="1.0" encoding="UTF-8" standalone="yes"?>
<addon id="plugin.video.tvonline.cc"
       name="TVonline 3.0"
       version="3.0.0"
       provider-name="kinkin, art by Marquerite">
    <requires>
        <import addon="xbmc.python" version="2.1.0"/>
        <import addon="script.module.urlresolver" version="1.0.0"/>
        <import addon="script.module.metahandler" version="2.4.0"/>
    </requires>
    <extension point="xbmc.python.pluginsource"
               	library="default.py">
        <provides>video</provides>
    </extension>
    <extension point="xbmc.service"
             	library="service.py" start="startup">
	</extension>
    <extension point="xbmc.addon.metadata">
        <platform>all</platform>
        <summary>Stream your favourite TV shows</summary>
        <description>Stream from thousands of TV shows with one click</description>
    </extension>
	
</addon>
