<?xml version="1.0" encoding="UTF-8" standalone="yes"?>
<addon id="plugin.video.tvonlinecc" name="TVonline" version="1.0.0" provider-name="kinkin,Marquerite">
  <requires>
    <import addon="xbmc.python" version="2.0"/>
  </requires>
  <extension point="xbmc.python.pluginsource" library="default.py">
        <provides>video</provides>
  </extension>
  <extension point="xbmc.addon.metadata">
    <summary lang="en">Stream your favourite shows from tvonline.cc</summary>
    <description lang="en">Stream your favourite shows from tvonline.cc</description>
    <platform>all</platform>
  </extension>
</addon>
